{"cameraMode":{"drawMode":0,"name":"Shaded","section":"Shading Mode"},"sceneLighting":true,"audioPlay":false,"sceneViewState":{"m_AlwaysRefresh":true,"showFog":true,"showSkybox":true,"showFlares":true,"showImageEffects":true,"showParticleSystems":true,"showVisualEffectGraphs":true,"m_FxEnabled":true},"in2DMode":false,"pivot":{"x":0.9429718255996704,"y":1.2684001922607422,"z":3.750028371810913},"rotation":{"x":-0.19716177880764008,"y":0.4366006553173065,"z":-0.09869170188903809,"w":-0.8722202181816101},"size":2.0784595012664797,"orthographic":false}